<?xml version="1.0" encoding="UTF-8"?>
<project-private xmlns="http://www.netbeans.org/ns/project-private/1">
    <editor-bookmarks xmlns="http://www.netbeans.org/ns/editor-bookmarks/2" lastBookmarkId="0"/>
    <open-files xmlns="http://www.netbeans.org/ns/projectui-open-files/2">
        <group>
            <file>file:/C:/Users/FTi%20Computer/Documents/NetBeansProjects/Shrabanti/src/shrabanti/Bus.java</file>
            <file>file:/C:/Users/FTi%20Computer/Documents/NetBeansProjects/Shrabanti/src/shrabanti/BusReservationSystem.java</file>
            <file>file:/C:/Users/FTi%20Computer/Documents/NetBeansProjects/Shrabanti/src/shrabanti/Main.java</file>
            <file>file:/C:/Users/FTi%20Computer/Documents/NetBeansProjects/Shrabanti/src/shrabanti/Reservation.java</file>
            <file>file:/C:/Users/FTi%20Computer/Documents/NetBeansProjects/Shrabanti/src/shrabanti/User.java</file>
        </group>
    </open-files>
</project-private>
